<application>
  <component name="DefaultFont">
    <option name="FONT_SIZE" value="20" />
    <option name="FONT_REGULAR_SUB_FAMILY" value="Regular" />
    <option name="FONT_BOLD_SUB_FAMILY" value="Bold" />
  </component>
  <component name="EditorSettings">
    <option name="USE_SOFT_WRAPS" value="CONSOLE" />
  </component>
  <component name="InlayHintsSettings">
    <option name="lastViewedProviderKeyId" value="RelatedProblems" />
    <settingsMapElement>
      <kotlin.KotlinReferencesTypeHintsProvider>
        <Settings>
          <option name="functionReturnType" value="true" />
          <option name="localVariableType" value="true" />
          <option name="parameterType" value="true" />
          <option name="propertyType" value="true" />
        </Settings>
      </kotlin.KotlinReferencesTypeHintsProvider>
      <JAVA.annotation.hints>
        <Settings>
          <option name="showInferred" value="true" />
        </Settings>
      </JAVA.annotation.hints>
      <JAVA.JavaLens>
        <JavaCodeVisionSettings>
          <option name="showImplementations" value="true" />
          <option name="showUsages" value="true" />
        </JavaCodeVisionSettings>
      </JAVA.JavaLens>
    </settingsMapElement>
  </component>
</application>