<application>
  <component name="FileTypeManager" version="18">
    <extensionMap>
      <mapping pattern="WORKSPACE" type="AUTO_DETECTED" />
      <mapping pattern="BUILD" type="AUTO_DETECTED" />
      <mapping pattern="WORKSPACE/WORKSPACE" type="AUTO_DETECTED" />
      <mapping ext="gradle.kts" type="Kotlin" />
      <mapping ext="main.kts" type="Kotlin" />
      <removed_mapping ext="apk" approved="true" type="ARCHIVE" />
      <removed_mapping ext="psd" approved="true" type="Image" />
    </extensionMap>
  </component>
</application>