<keymap version="1" name="Windows copy" parent="$default">
  <action id="$EditorTranslateAction">
    <keyboard-shortcut first-keystroke="shift ctrl y" />
    <keyboard-shortcut first-keystroke="alt t" />
  </action>
  <action id="$ShowTranslationDialogAction">
    <keyboard-shortcut first-keystroke="shift ctrl o" />
    <keyboard-shortcut first-keystroke="alt h" />
  </action>
  <action id="Android.DeviceExplorer.GotoDatabaseFolder">
    <keyboard-shortcut first-keystroke="shift ctrl alt z" />
  </action>
  <action id="Android.SyncProject">
    <keyboard-shortcut first-keystroke="alt g" />
  </action>
  <action id="CloseAllEditors">
    <keyboard-shortcut first-keystroke="alt a" />
  </action>
  <action id="CloseContent">
    <keyboard-shortcut first-keystroke="ctrl f4" />
    <keyboard-shortcut first-keystroke="alt w" />
  </action>
  <action id="CollapseRegion">
    <keyboard-shortcut first-keystroke="ctrl subtract" />
    <keyboard-shortcut first-keystroke="ctrl minus" />
    <keyboard-shortcut first-keystroke="ctrl 1" />
  </action>
  <action id="CopyReference" />
  <action id="DuplicatesForm.SendToLeft" />
  <action id="DuplicatesForm.SendToRight" />
  <action id="Editor EditorTranslateAction">
    <keyboard-shortcut first-keystroke="alt t" />
  </action>
  <action id="Editor ShowTranslationDialogAction">
    <keyboard-shortcut first-keystroke="alt h" />
  </action>
  <action id="EditorSortLines">
    <keyboard-shortcut first-keystroke="shift ctrl alt b" />
  </action>
  <action id="EditorToggleUseSoftWraps">
    <keyboard-shortcut first-keystroke="alt z" />
  </action>
  <action id="ExpandAllRegions">
    <keyboard-shortcut first-keystroke="shift ctrl add" />
    <keyboard-shortcut first-keystroke="shift ctrl equals" />
    <keyboard-shortcut first-keystroke="ctrl alt 2" />
  </action>
  <action id="ExpandAllToLevel1">
    <keyboard-shortcut first-keystroke="shift ctrl multiply" second-keystroke="1" />
    <keyboard-shortcut first-keystroke="shift ctrl multiply" second-keystroke="numpad1" />
    <keyboard-shortcut first-keystroke="ctrl alt 1" />
  </action>
  <action id="ExpandRegion">
    <keyboard-shortcut first-keystroke="ctrl add" />
    <keyboard-shortcut first-keystroke="ctrl equals" />
    <keyboard-shortcut first-keystroke="ctrl 2" />
  </action>
  <action id="FileChooser.GotoHome" />
  <action id="FileChooser.GotoProject" />
  <action id="FindInPath">
    <keyboard-shortcut first-keystroke="shift ctrl f" />
    <keyboard-shortcut first-keystroke="alt f" />
  </action>
  <action id="Git.Stash">
    <keyboard-shortcut first-keystroke="shift ctrl s" />
  </action>
  <action id="Git.Unstash">
    <keyboard-shortcut first-keystroke="shift ctrl alt q" />
  </action>
  <action id="GotoBookmark1" />
  <action id="GotoBookmark2" />
  <action id="GotoDeclaration">
    <keyboard-shortcut first-keystroke="ctrl b" />
    <mouse-shortcut keystroke="control button1" />
    <mouse-shortcut keystroke="button2" />
    <keyboard-shortcut first-keystroke="alt b" />
  </action>
  <action id="GotoSuperMethod">
    <keyboard-shortcut first-keystroke="ctrl u" />
    <keyboard-shortcut first-keystroke="ctrl alt g" />
  </action>
  <action id="InspectCode">
    <keyboard-shortcut first-keystroke="shift ctrl alt c" />
  </action>
  <action id="OpenFile">
    <keyboard-shortcut first-keystroke="ctrl alt x" />
  </action>
  <action id="QuickImplementations">
    <keyboard-shortcut first-keystroke="shift ctrl i" />
    <keyboard-shortcut first-keystroke="alt d" />
  </action>
  <action id="RebuildGradleProject">
    <keyboard-shortcut first-keystroke="shift ctrl alt f" />
  </action>
  <action id="ReformatCode">
    <keyboard-shortcut first-keystroke="ctrl alt l" />
    <keyboard-shortcut first-keystroke="ctrl alt r" />
  </action>
  <action id="RevealIn">
    <keyboard-shortcut first-keystroke="shift ctrl q" />
  </action>
  <action id="Run">
    <keyboard-shortcut first-keystroke="shift f10" />
    <keyboard-shortcut first-keystroke="alt r" />
  </action>
  <action id="SelectInProjectView">
    <keyboard-shortcut first-keystroke="alt v" />
  </action>
  <action id="SplitVertically">
    <keyboard-shortcut first-keystroke="shift ctrl alt r" />
  </action>
  <action id="UpdateRunningApplication" />
  <action id="android.deploy.ApplyChanges">
    <keyboard-shortcut first-keystroke="ctrl f10" />
  </action>
  <action id="android.deploy.CodeSwap">
    <keyboard-shortcut first-keystroke="ctrl alt f10" />
  </action>
  <action id="com.cuongloveit.androidsorter.action.SortAction">
    <keyboard-shortcut first-keystroke="ctrl alt k" />
    <keyboard-shortcut first-keystroke="shift ctrl alt g" />
  </action>
  <action id="com.developerphil.adbidea.action.AdbIdeaQuickList">
    <keyboard-shortcut first-keystroke="shift ctrl alt d" />
  </action>
  <action id="kotlincodesorter.action.SortAction">
    <keyboard-shortcut first-keystroke="ctrl alt k" />
    <keyboard-shortcut first-keystroke="shift ctrl alt u" />
  </action>
</keymap>